Продажа;Время;Купюрами;Монетами;Банк. картой;Картой;Моб.приложение;Сдача;Итого;Розлито;На сумму
26951;2023.09.30 22:24:08;0;50;0;0;0;0;50;10;50
26950;2023.09.30 21:21:08;0;0;25;0;0;0;25;5;24,98
26949;2023.09.30 21:20:01;0;32;0;0;0;6;26;5;25,32
26948;2023.09.30 21:04:33;0;0;25;0;0;0;25;5;25,02
26947;2023.09.30 19:59:55;0;50;0;0;0;0;50;10;50
26946;2023.09.30 19:58:10;0;50;0;0;0;0;50;10;50
26945;2023.09.30 19:15:10;0;0;25;0;0;0;25;5;24,98
26944;2023.09.30 19:10:01;0;0;25;0;0;0;25;5;25,02
26943;2023.09.30 18:16:40;0;0;25;0;0;0;25;5;24,98
26942;2023.09.30 17:46:54;0;25;0;0;0;0;25;5;25,02
26941;2023.09.30 17:38:31;0;25;0;0;0;0;25;5;24,98
26940;2023.09.30 17:37:38;0;10;0;0;0;0;10;0,8;4,18
26939;2023.09.30 16:44:20;100;0;0;0;0;0;100;20;100
26938;2023.09.30 16:22:36;0;2;0;0;0;0;2;0,4;2
26937;2023.09.30 16:05:31;0;45;0;0;0;0;45;9;44,98
26936;2023.09.30 15:40:18;0;2;0;0;0;0;2;0,4;2
26935;2023.09.30 15:39:52;0;2;0;0;0;0;2;0,4;2
26934;2023.09.30 14:53:21;0;25;0;0;0;0;25;5;25,02
26933;2023.09.30 14:42:11;0;25;0;0;0;0;25;5;24,98
26932;2023.09.30 14:30:53;0;2;0;0;0;0;2;0,3;2
26931;2023.09.30 14:30:15;0;5;0;0;0;0;5;1;4,98
26930;2023.09.30 14:27:34;0;1;0;0;0;0;1;0,2;1,02
26929;2023.09.30 14:26:58;0;0;25;0;0;0;25;5;24,98
26928;2023.09.30 14:21:29;0;10;0;0;0;0;10;2;10
26927;2023.09.30 14:21:00;0;5;0;0;0;0;5;1;5,02
26926;2023.09.30 14:11:38;0;0;25;0;0;0;25;5;24,98
26925;2023.09.30 14:09:09;0;25;0;0;0;0;25;5;25,02
26924;2023.09.30 13:58:41;0;30;0;0;0;3;27;5,3;26,58
26923;2023.09.30 13:45:47;0;25;0;0;0;0;25;5;24,98
26922;2023.09.30 13:27:09;50;0;0;0;0;25;25;5;25,02
26921;2023.09.30 13:07:17;0;5;0;0;0;0;5;0,7;3,72
26920;2023.09.30 12:56:30;0;10;0;0;0;0;10;2;10
26919;2023.09.30 12:56:01;0;15;0;0;0;0;15;3;15,02
26918;2023.09.30 12:54:55;0;10;0;0;0;0;10;2;10
26917;2023.09.30 12:54:31;0;15;0;0;0;0;15;3;14,98
26916;2023.09.30 11:48:00;100;0;0;0;0;48;52;10,2;51,32
26915;2023.09.30 09:35:57;0;25;0;0;0;0;25;5;24,98
26914;2023.09.30 03:40:07;0;1;0;0;0;0;1;0,2;0,98
26913;2023.09.30 00:58:35;0;0;25;0;0;0;25;5;25,02
26912;2023.09.29 19:49:54;0;27;0;0;0;0;27;5;25,02
26911;2023.09.29 19:44:29;50;0;0;0;0;25;25;5;24,98
26910;2023.09.29 19:35:24;0;25;0;0;0;0;25;5;24,98
26909;2023.09.29 19:34:06;0;25;0;0;0;0;25;5;25,02
26908;2023.09.29 19:21:32;0;0;25;0;0;0;25;5;25,02
26907;2023.09.29 19:20:49;0;0;25;0;0;0;25;5;24,98
26906;2023.09.29 18:50:38;0;0;25;0;0;0;25;5;24,98
26905;2023.09.29 17:49:22;0;0;25;0;0;0;25;5;25,02
26904;2023.09.29 17:17:10;0;0;50;0;0;0;50;10;50
26903;2023.09.29 17:14:53;0;0;25;0;0;0;25;5;24,98
26902;2023.09.29 16:52:33;0;0;25;0;0;0;25;5;25,02
26901;2023.09.29 16:50:21;0;25;0;0;0;0;25;5;25,02
26900;2023.09.29 16:42:57;50;0;0;0;0;0;50;10;49,95
26899;2023.09.29 15:30:54;0;2;0;0;0;0;2;0,4;2,06
26898;2023.09.29 15:27:12;0;25;0;0;0;0;25;5;24,98
26897;2023.09.29 13:11:54;0;15;0;0;0;0;15;3;15,02
26896;2023.09.29 13:11:23;0;10;0;0;0;0;10;2;9,95
26895;2023.09.29 12:24:08;0;0;25;0;0;0;25;5;25,02
26894;2023.09.29 11:43:00;50;0;0;0;0;25;25;5;25,02
26893;2023.09.29 09:43:40;0;25;0;0;0;0;25;5;24,98
26892;2023.09.29 09:04:32;0;30;0;0;0;5;25;5;24,98
26891;2023.09.29 08:48:39;0;0;25;0;0;0;25;5;25,02
26890;2023.09.29 08:33:22;0;50;0;0;0;0;50;10;50
26889;2023.09.29 08:24:42;0;0;50;0;0;0;50;10;50
26888;2023.09.29 07:59:53;50;0;0;0;0;0;50;10;50
26887;2023.09.29 07:36:54;0;25;0;0;0;0;25;5;24,98
26886;2023.09.29 01:37:00;50;0;0;0;0;0;50;10;50,06
26885;2023.09.28 23:17:11;0;10;0;0;0;0;10;2;9,95
26884;2023.09.28 22:21:35;0;0;25;0;0;0;25;5;25,02
26883;2023.09.28 22:20:01;0;0;25;0;0;0;25;5;25,02
26882;2023.09.28 22:18:29;0;0;25;0;0;0;25;5;24,98
26881;2023.09.28 21:09:58;0;25;0;0;0;0;25;5;24,98
26880;2023.09.28 20:59:28;0;0;25;0;0;0;25;5;25,02
26879;2023.09.28 20:37:40;0;0;50;0;0;0;50;10;50
26878;2023.09.28 20:36:06;0;0;50;0;0;0;50;10;50
26877;2023.09.28 20:21:18;0;0;25;0;0;0;25;5;25,02
26876;2023.09.28 19:34:41;100;0;0;0;0;53;47;9,2;46,29
26875;2023.09.28 18:21:09;0;25;0;0;0;0;25;5;25,02
26874;2023.09.28 17:56:32;0;55;0;0;0;0;55;10;49,95
26873;2023.09.28 17:50:20;0;50;0;0;0;0;50;10;50,06
26872;2023.09.28 17:27:16;100;0;0;0;0;0;100;20;100
26871;2023.09.28 17:05:49;0;7;0;0;0;0;7;1,4;6,98
26870;2023.09.28 16:42:45;0;23;0;0;0;0;23;4,6;22,98
26869;2023.09.28 16:40:37;100;0;0;0;0;25;75;15;75,02
26868;2023.09.28 16:26:01;100;0;0;0;0;75;25;5;24,98
26867;2023.09.28 16:01:58;0;0;25;0;0;0;25;5;25,02
26866;2023.09.28 15:53:00;0;64;0;0;0;0;64;12,8;64
26865;2023.09.28 15:10:17;50;0;0;0;0;0;50;10;50
26864;2023.09.28 14:54:23;0;0;50;0;0;0;50;10;50
26863;2023.09.28 13:25:25;100;0;0;0;0;25;75;15;74,98
26862;2023.09.28 13:21:39;50;0;0;0;0;0;50;10;50,06
26861;2023.09.28 13:01:19;0;25;0;0;0;0;25;5;24,98
26860;2023.09.28 12:57:32;50;0;0;0;0;0;50;10;50
26859;2023.09.28 12:55:38;0;0;25;0;0;0;25;5;25,02
26858;2023.09.28 12:54:50;0;0;25;0;0;0;25;5;24,98
26857;2023.09.28 12:45:39;0;25;0;0;0;0;25;5;24,98
26856;2023.09.28 11:28:43;0;25;0;0;0;0;25;5;25,02
26855;2023.09.28 11:27:21;0;25;0;0;0;0;25;5;25,02
26854;2023.09.28 07:39:53;0;25;0;0;0;0;25;5;24,98
26853;2023.09.28 01:20:24;0;1;0;0;0;0;1;0,2;0,98
26852;2023.09.28 01:20:22;50;0;0;0;0;0;50;10;50,06
26851;2023.09.27 22:17:58;0;45;0;0;0;0;45;9;44,98
26850;2023.09.27 21:00:00;0;0;25;0;0;0;25;5;24,98
26849;2023.09.27 20:58:50;0;0;25;0;0;0;25;5;25,02
26848;2023.09.27 20:05:25;0;0;50;0;0;0;50;10;50
26847;2023.09.27 19:25:00;150;0;0;0;0;25;125;24,8;124,18
26846;2023.09.27 18:47:54;0;0;25;0;0;0;25;5;25,02
26845;2023.09.27 18:45:54;0;0;25;0;0;0;25;5;24,98
26844;2023.09.27 18:36:43;0;0;25;0;0;0;25;5;25,02
26843;2023.09.27 18:31:54;0;0;95;0;0;0;95;19;94,98
26842;2023.09.27 18:22:40;0;52;0;0;0;0;52;10,4;52
26841;2023.09.27 17:59:25;0;25;0;0;0;0;25;5;25,02
26840;2023.09.27 17:54:44;0;0;25;0;0;0;25;5;24,98
26839;2023.09.27 17:41:37;0;25;0;0;0;0;25;5;25,02
26838;2023.09.27 17:40:24;0;25;0;0;0;0;25;5;24,98
26837;2023.09.27 17:10:14;0;25;0;0;0;0;25;5;25,02
26836;2023.09.27 16:37:54;0;1;0;0;0;0;1;0,2;0,98
26835;2023.09.27 16:32:52;0;0;25;0;0;0;25;5;25,02
26834;2023.09.27 16:09:12;0;20;0;0;0;0;20;4;20
26833;2023.09.27 16:00:56;0;0;25;0;0;0;25;5;24,98
26832;2023.09.27 15:59:41;0;25;0;0;0;0;25;5;25,02
26831;2023.09.27 15:21:00;0;50;0;0;0;0;50;10;50
26830;2023.09.27 15:12:45;0;25;0;0;0;0;25;5;24,98
26829;2023.09.27 14:59:09;0;50;0;0;0;0;50;10;50
26828;2023.09.27 13:40:58;0;10;0;0;0;0;10;2;10
26827;2023.09.27 13:39:40;0;6;0;0;0;0;6;1,2;6
26826;2023.09.27 13:32:04;0;0;50;0;0;0;50;10;50
26825;2023.09.27 13:29:52;0;0;50;0;0;0;50;10;50
26824;2023.09.27 13:28:09;0;0;50;0;0;0;50;10;50
26823;2023.09.27 13:25:52;0;0;95;0;0;0;95;19;95,02
26822;2023.09.27 13:23:02;0;0;95;0;0;0;95;19;94,98
26821;2023.09.27 10:01:44;0;3;0;0;0;0;3;0;0
26820;2023.09.27 09:18:37;0;0;25;0;0;0;25;5;25,02
26819;2023.09.27 01:15:37;100;0;0;0;0;50;50;9,9;49,95
26818;2023.09.27 00:32:31;0;34;0;0;0;9;25;5;24,98
26817;2023.09.26 21:17:15;0;0;25;0;0;0;25;5;24,98
26816;2023.09.26 21:16:16;0;0;25;0;0;0;25;5;25,02
26815;2023.09.26 20:59:53;0;0;50;0;0;0;50;10;50
26814;2023.09.26 20:28:39;0;75;0;0;0;0;75;15;75,02
26813;2023.09.26 20:07:46;0;20;0;0;0;0;20;4;20
26812;2023.09.26 20:04:11;0;22;0;0;0;0;22;4,4;21,95
26811;2023.09.26 19:55:40;50;0;0;0;0;0;50;9,9;50
26810;2023.09.26 19:14:49;0;0;25;0;0;0;25;5;25,02
26809;2023.09.26 19:11:43;0;30;0;0;0;0;30;5;24,98
26808;2023.09.26 18:23:44;0;0;25;0;0;0;25;5;25,02
26807;2023.09.26 18:02:31;0;25;0;0;0;0;25;5;24,98
26806;2023.09.26 18:01:19;0;25;0;0;0;0;25;5;25,02
26805;2023.09.26 18:00:19;0;25;0;0;0;0;25;5;24,98
26804;2023.09.26 17:58:08;0;0;25;0;0;0;25;5;25,02
26803;2023.09.26 17:52:40;0;0;50;0;0;0;50;10;50
26802;2023.09.26 17:05:10;0;50;0;0;0;0;50;9,8;49,15
26801;2023.09.26 16:54:48;0;25;0;0;0;0;25;4,9;24,98
26800;2023.09.26 16:36:49;0;24;0;0;0;0;24;4,8;24
26799;2023.09.26 16:33:09;100;0;0;0;0;50;50;9,9;49,66
26798;2023.09.26 16:28:40;0;0;25;0;0;0;25;5;25,02
26797;2023.09.26 16:27:35;0;0;25;0;0;0;25;5;24,98
26796;2023.09.26 14:30:31;0;25;0;0;0;0;25;5;25,02
26795;2023.09.26 14:10:33;50;0;0;0;0;0;50;10;50
26794;2023.09.26 13:14:34;0;25;0;0;0;0;25;5;24,98
26793;2023.09.26 12:48:13;0;25;0;0;0;0;25;5;25,02
26792;2023.09.26 12:46:55;200;0;0;0;0;4;196;39;195,21
26791;2023.09.26 12:41:56;0;0;25;0;0;0;25;5;24,98
26790;2023.09.26 11:37:20;0;0;25;0;0;0;25;5;25,02
26789;2023.09.26 11:25:40;0;30;0;0;0;5;25;5;24,98
26788;2023.09.26 10:33:06;0;0;25;0;0;0;25;5;25,02
26787;2023.09.26 10:32:14;0;0;25;0;0;0;25;5;24,98
26786;2023.09.26 10:26:51;0;50;0;0;0;0;50;10;50
26785;2023.09.26 10:17:52;0;25;0;0;0;0;25;5;25,02
26784;2023.09.26 08:37:54;0;2;0;0;0;0;2;0,4;2
26783;2023.09.26 08:16:53;50;0;0;0;0;0;50;10;50
26782;2023.09.26 00:37:37;0;0;25;0;0;0;25;5;24,98
26781;2023.09.25 22:57:10;50;0;0;0;0;5;45;8,9;44,75
26780;2023.09.25 22:25:28;0;25;0;0;0;0;25;5;24,98
26779;2023.09.25 22:03:45;100;0;0;0;0;50;50;10;50
26778;2023.09.25 21:09:44;100;0;0;0;0;1;99;19,7;98,63
26777;2023.09.25 20:50:07;0;0;25;0;0;0;25;5;24,98
26776;2023.09.25 20:48:37;0;0;25;0;0;0;25;5;25,02
26775;2023.09.25 20:47:03;0;0;25;0;0;0;25;5;24,98
26774;2023.09.25 20:16:21;0;0;25;0;0;0;25;5;25,02
26773;2023.09.25 19:50:02;0;0;25;0;0;0;25;5;24,98
26772;2023.09.25 19:45:38;0;0;25;0;0;0;25;5;25,02
26771;2023.09.25 19:41:11;0;0;25;0;0;0;25;5;24,98
26770;2023.09.25 19:14:20;0;0;25;0;0;0;25;5;25,02
26769;2023.09.25 19:03:17;100;0;0;0;0;2;98;19,4;97,09
26768;2023.09.25 18:26:05;0;75;0;0;0;0;75;15;75,02
26767;2023.09.25 18:17:09;50;0;0;0;0;0;50;10;50
26766;2023.09.25 18:09:15;0;0;25;0;0;0;25;5;24,98
26765;2023.09.25 18:07:59;0;39;0;0;0;14;25;5;25,02
26764;2023.09.25 17:04:21;0;24;0;0;0;0;24;4,8;24
26763;2023.09.25 14:54:02;0;22;0;0;0;0;22;4,4;22
26762;2023.09.25 14:09:47;0;50;0;0;0;0;50;10;50
26761;2023.09.25 13:42:32;50;0;0;0;0;0;50;10;50
26760;2023.09.25 13:39:09;0;25;0;0;0;0;25;5;24,98
26759;2023.09.25 12:55:50;0;25;0;0;0;0;25;5;25,02
26758;2023.09.25 12:54:31;0;25;0;0;0;0;25;5;24,98
26757;2023.09.25 11:53:01;0;30;0;0;0;0;30;5;25,02
26756;2023.09.25 11:47:07;0;25;0;0;0;0;25;5;24,98
26755;2023.09.25 11:34:06;0;15;0;0;0;0;15;3;15,02
26754;2023.09.25 11:33:38;50;0;0;0;0;0;50;10;50
26753;2023.09.25 09:59:00;0;25;0;0;0;0;25;5;24,98
26752;2023.09.25 09:43:18;0;25;0;0;0;0;25;5;25,02
26751;2023.09.25 08:30:47;0;0;25;0;0;0;25;5;24,98
26750;2023.09.25 07:53:58;0;0;25;0;0;0;25;5;25,02
26749;2023.09.25 07:53:02;0;0;25;0;0;0;25;5;24,98
26748;2023.09.25 07:42:49;0;1;0;0;0;0;1;0,2;1,02
26747;2023.09.25 07:42:28;0;25;0;0;0;0;25;5;24,98
26746;2023.09.25 07:41:29;0;25;0;0;0;0;25;5;25,02
26745;2023.09.24 22:41:09;0;40;0;0;0;0;40;8;40
26744;2023.09.24 22:08:39;0;0;25;0;0;0;25;5;24,98
26743;2023.09.24 22:07:54;0;0;25;0;0;0;25;5;25,02
26742;2023.09.24 22:06:48;0;0;25;0;0;0;25;5;24,98
26741;2023.09.24 20:50:21;0;0;25;0;0;0;25;5;25,02
26740;2023.09.24 20:49:05;0;0;25;0;0;0;25;5;24,98
26739;2023.09.24 20:06:57;0;0;25;0;0;0;25;5;25,02
26738;2023.09.24 18:33:45;0;12;0;0;0;0;12;2,4;12
26737;2023.09.24 18:24:53;50;0;0;0;0;0;50;10;50
26736;2023.09.24 17:20:36;0;25;0;0;0;0;25;5;24,98
26735;2023.09.24 16:44:54;0;0;25;0;0;0;25;5;25,02
26734;2023.09.24 16:31:23;0;45;0;0;0;0;45;9;44,98
26733;2023.09.24 16:06:34;0;0;25;0;0;0;25;5;25,02
26732;2023.09.24 15:17:16;0;0;25;0;0;0;25;5;24,98
26731;2023.09.24 15:16:11;0;0;25;0;0;0;25;5;25,02
26730;2023.09.24 15:03:49;100;0;0;0;0;25;75;15;74,98
26729;2023.09.24 14:47:38;0;0;25;0;0;0;25;5;25,02
26728;2023.09.24 14:28:52;0;20;0;0;0;0;20;4;20
26727;2023.09.24 14:22:19;100;0;0;0;0;49;51;10;50,23
26726;2023.09.24 14:18:51;100;0;0;0;0;0;100;20;100
26725;2023.09.24 13:57:32;0;50;0;0;0;0;50;10;50
26724;2023.09.24 12:29:19;0;25;0;0;0;0;25;5;24,98
26723;2023.09.24 10:52:39;50;10;0;0;0;7;53;10,5;52,81
26722;2023.09.24 10:20:43;0;0;50;0;0;0;50;10;50
26721;2023.09.24 09:49:19;0;25;0;0;0;0;25;5;24,98
26720;2023.09.23 21:39:47;0;0;25;0;0;0;25;5;25,02
26719;2023.09.23 21:38:30;0;0;95;0;0;0;95;19;94,98
26718;2023.09.23 21:26:20;100;0;0;0;0;69;31;6,1;30,98
26717;2023.09.23 19:50:22;0;0;50;0;0;0;50;10;50
26716;2023.09.23 19:09:17;0;5;0;0;0;0;5;1;4,98
26715;2023.09.23 19:08:00;0;10;0;0;0;0;10;1,9;10
26714;2023.09.23 19:06:37;0;1;0;0;0;0;1;0,2;0,98
26713;2023.09.23 19:04:08;0;25;0;0;0;0;25;5;25,02
26712;2023.09.23 19:02:33;0;25;0;0;0;0;25;5;25,02
26711;2023.09.23 18:48:04;0;25;0;0;0;0;25;5;24,98
26710;2023.09.23 18:46:41;0;25;0;0;0;0;25;5;24,98
26709;2023.09.23 18:44:21;0;0;25;0;0;0;25;5;25,02
26708;2023.09.23 18:15:33;0;0;25;0;0;0;25;5;25,02
26707;2023.09.23 17:55:08;0;45;0;0;0;0;45;9;44,98
26706;2023.09.23 17:39:16;0;4;0;0;0;0;4;0,8;4
26705;2023.09.23 17:38:36;0;20;0;0;0;0;20;4;20
26704;2023.09.23 17:14:35;0;50;0;0;0;0;50;10;50
26703;2023.09.23 17:08:19;0;25;0;0;0;0;25;5;25,02
26702;2023.09.23 17:06:26;0;25;0;0;0;0;25;5;24,98
26701;2023.09.23 17:00:34;0;0;25;0;0;0;25;5;24,98
26700;2023.09.23 16:40:29;0;25;0;0;0;0;25;5;25,02
26699;2023.09.23 16:39:26;0;25;0;0;0;0;25;5;25,02
26698;2023.09.23 16:24:04;0;64;0;0;0;0;64;12,8;64
26697;2023.09.23 15:00:16;0;25;0;0;0;0;25;5;24,98
26696;2023.09.23 14:07:53;0;20;0;0;0;0;20;4;20
26695;2023.09.23 13:25:54;0;25;0;0;0;0;25;5;24,98
26694;2023.09.23 13:24:54;0;4;0;0;0;0;4;0,8;4
26693;2023.09.23 13:20:44;0;25;0;0;0;0;25;5;25,02
26692;2023.09.23 13:10:14;100;0;0;0;0;50;50;10;50
26691;2023.09.23 13:05:05;0;35;0;0;0;0;35;7;35,02
26690;2023.09.23 13:03:30;0;20;0;0;0;0;20;4;20
26689;2023.09.23 12:56:50;0;0;25;0;0;0;25;5;24,98
26688;2023.09.23 12:55:52;0;0;25;0;0;0;25;5;24,98
26687;2023.09.23 12:31:38;50;0;0;0;0;0;50;10;50,06
26686;2023.09.23 11:46:20;100;0;0;0;0;10;90;17,9;89,83
26685;2023.09.23 11:33:40;0;50;0;0;0;0;50;10;50
26684;2023.09.23 11:27:55;0;50;0;0;0;0;50;10;50
26683;2023.09.23 10:19:23;0;0;25;0;0;0;25;5;25,02
26682;2023.09.23 08:49:44;0;25;0;0;0;0;25;5;24,98
26681;2023.09.23 08:36:27;0;0;25;0;0;0;25;5;25,02
26680;2023.09.22 22:15:34;0;10;0;0;0;3;7;1,2;6,35
26679;2023.09.22 22:15:07;0;0;25;0;0;0;25;5;25,02
26678;2023.09.22 22:14:03;0;0;25;0;0;0;25;5;24,98
26677;2023.09.22 21:37:47;0;0;50;0;0;0;50;10;50
26676;2023.09.22 21:36:06;0;0;50;0;0;0;50;10;50
26675;2023.09.22 21:03:00;0;25;0;0;0;0;25;5;24,98
26674;2023.09.22 20:52:50;0;30;0;0;0;5;25;5;25,02
26673;2023.09.22 20:20:31;0;20;0;0;0;0;20;4;20
26672;2023.09.22 20:09:43;100;0;0;0;0;3;97;19,3;96,81
26671;2023.09.22 20:04:13;0;25;0;0;0;0;25;5;25,02
26670;2023.09.22 19:54:15;0;25;0;0;0;0;25;5;24,98
26669;2023.09.22 18:52:29;0;50;0;0;0;0;50;10;50
26668;2023.09.22 18:49:54;0;10;0;0;0;0;10;2;10
26667;2023.09.22 18:47:55;0;0;25;0;0;0;25;5;24,98
26666;2023.09.22 18:29:25;0;25;0;0;0;0;25;5;25,02
26665;2023.09.22 18:28:01;0;25;0;0;0;0;25;5;25,02
26664;2023.09.22 18:24:27;0;0;25;0;0;0;25;5;24,98
26663;2023.09.22 18:22:58;0;25;0;0;0;0;25;5;24,98
26662;2023.09.22 17:33:04;0;25;0;0;0;0;25;5;25,02
26661;2023.09.22 17:19:17;0;0;25;0;0;0;25;5;25,02
26660;2023.09.22 16:16:01;0;50;0;0;0;0;50;10;49,95
26659;2023.09.22 13:31:39;0;25;0;0;0;0;25;5;25,02
26658;2023.09.22 13:23:37;0;25;0;0;0;0;25;5;25,02
26657;2023.09.22 12:40:30;0;32;0;0;0;0;32;6,3;31,95
26656;2023.09.22 11:24:10;0;0;50;0;0;0;50;10;50
26655;2023.09.22 10:55:39;0;25;0;0;0;0;25;5;25,02
26654;2023.09.22 09:01:12;0;20;0;0;0;0;20;4;20
26653;2023.09.22 07:58:59;0;28;0;0;0;0;28;5,6;28
26652;2023.09.21 22:41:19;0;29;0;0;0;0;29;5,8;28,98
26651;2023.09.21 21:56:31;0;10;0;0;0;0;10;2;10
26650;2023.09.21 19:24:03;0;50;0;0;0;0;50;10;50
26649;2023.09.21 19:11:36;0;23;0;0;0;0;23;4,6;23,02
26648;2023.09.21 18:42:42;0;0;25;0;0;0;25;5;24,98
26647;2023.09.21 18:41:45;0;0;50;0;0;0;50;10;50
26646;2023.09.21 18:25:42;50;0;0;0;0;0;50;10;50
26645;2023.09.21 18:16:20;0;0;25;0;0;0;25;5;25,02
26644;2023.09.21 18:11:26;0;6;0;0;0;0;6;1,1;6
26643;2023.09.21 18:10:21;0;0;25;0;0;0;25;5;24,98
26642;2023.09.21 17:36:51;0;0;25;0;0;0;25;5;24,98
26641;2023.09.21 17:29:40;50;0;0;0;0;10;40;7,9;39,83
26640;2023.09.21 17:28:30;50;0;0;0;0;0;50;10;50
26639;2023.09.21 17:27:02;0;0;50;0;0;0;50;10;50
26638;2023.09.21 17:25:28;0;0;95;0;0;0;95;19;95,02
26637;2023.09.21 17:21:24;0;25;0;0;0;0;25;5;24,98
26636;2023.09.21 17:14:13;0;25;0;0;0;0;25;5;24,98
26635;2023.09.21 16:56:27;0;30;0;0;0;8;22;4,3;21,61
26634;2023.09.21 16:55:24;0;25;0;0;0;0;25;5;25,02
26633;2023.09.21 16:46:32;0;25;0;0;0;0;25;5;25,02
26632;2023.09.21 16:34:33;0;25;0;0;0;0;25;5;24,98
26631;2023.09.21 16:33:04;0;15;0;0;0;0;15;3;15,02
26630;2023.09.21 16:17:05;0;2;0;0;0;0;2;0,4;2
26629;2023.09.21 16:16:44;0;5;0;0;0;0;5;1;4,98
26628;2023.09.21 14:30:51;0;25;0;0;0;0;25;5;25,02
26627;2023.09.21 13:55:33;0;0;25;0;0;0;25;5;24,98
26626;2023.09.21 13:17:38;0;25;0;0;0;0;25;5;25,02
26625;2023.09.21 12:56:20;0;50;0;0;0;0;50;10;50
26624;2023.09.21 12:40:18;0;50;0;0;0;0;50;10;50
26623;2023.09.21 12:36:49;0;25;0;0;0;0;25;5;24,98
26622;2023.09.21 12:32:33;0;50;0;0;0;0;50;10;50
26621;2023.09.21 11:50:21;0;45;0;0;0;0;45;9;45,02
26620;2023.09.21 11:07:51;50;0;0;0;0;0;50;10;50
26619;2023.09.21 09:40:04;0;25;0;0;0;0;25;5;24,98
26618;2023.09.21 08:43:28;0;0;25;0;0;0;25;5;25,02
26617;2023.09.21 08:42:36;0;0;25;0;0;0;25;5;24,98
26616;2023.09.21 08:15:12;0;0;25;0;0;0;25;5;25,02
26615;2023.09.21 07:48:12;0;24;0;0;0;0;24;4,8;24
26614;2023.09.21 06:52:41;0;5;0;0;0;0;5;1;4,98
26613;2023.09.21 06:52:05;0;0;25;0;0;0;25;5;25,02
26612;2023.09.21 06:51:05;0;0;25;0;0;0;25;5;24,98
26611;2023.09.20 22:05:09;100;0;0;0;0;25;75;15;75,02
26610;2023.09.20 22:01:29;0;25;0;0;0;0;25;5;24,98
26609;2023.09.20 21:34:47;0;0;25;0;0;0;25;5;25,02
26608;2023.09.20 21:34:00;0;0;25;0;0;0;25;5;24,98
26607;2023.09.20 21:33:19;0;0;25;0;0;0;25;5;25,02
26606;2023.09.20 20:44:18;0;10;0;0;0;0;10;0,2;1,15
26605;2023.09.20 20:34:55;0;0;25;0;0;0;25;5;24,98
26604;2023.09.20 20:29:38;100;0;0;0;0;75;25;5;25,02
26603;2023.09.20 20:26:35;100;0;0;0;0;0;100;19,8;99,21
26602;2023.09.20 20:11:29;0;0;25;0;0;0;25;5;24,98
26601;2023.09.20 20:10:12;0;0;25;0;0;0;25;5;24,98
26600;2023.09.20 20:09:14;0;0;25;0;0;0;25;5;25,02
26599;2023.09.20 19:43:49;0;25;0;0;0;0;25;5;25,02
26598;2023.09.20 19:25:25;0;70;0;0;0;0;70;14;69,95
26597;2023.09.20 18:46:36;0;0;25;0;0;0;25;5;25,02
26596;2023.09.20 18:36:49;0;46;0;0;0;0;46;9,2;46
26595;2023.09.20 18:06:31;50;0;0;0;0;0;50;10;50
26594;2023.09.20 17:06:24;0;0;95;0;0;0;95;5,7;28,63
26593;2023.09.20 16:47:25;0;25;0;0;0;0;25;5;25,02
26592;2023.09.20 16:18:49;100;0;0;0;0;3;97;19,3;96,92
26591;2023.09.20 15:50:35;0;25;0;0;0;0;25;5;24,98
26590;2023.09.20 15:38:48;100;0;0;0;0;49;51;10;50,46
26589;2023.09.20 15:31:35;0;0;25;0;0;0;25;5;24,98
26588;2023.09.20 15:30:29;0;0;25;0;0;0;25;5;25,02
26587;2023.09.20 13:59:56;0;0;25;0;0;0;25;5;24,98
26586;2023.09.20 13:29:26;0;6;0;0;0;0;6;1,2;6
26585;2023.09.20 10:25:26;50;0;0;0;0;0;50;10;50
26584;2023.09.20 10:21:40;0;25;0;0;0;0;25;5;25,02
26583;2023.09.20 09:09:43;50;0;0;0;0;0;50;10;50
26582;2023.09.20 07:04:18;0;25;0;0;0;0;25;5;24,98
26581;2023.09.20 06:10:12;0;10;0;0;0;0;10;2;10
26580;2023.09.20 05:38:19;0;25;0;0;0;0;25;5;25,02
26579;2023.09.19 22:57:38;0;25;0;0;0;0;25;5;24,98
26578;2023.09.19 22:09:55;0;25;0;0;0;0;25;5;25,02
26577;2023.09.19 21:47:43;100;0;0;0;0;0;100;20;100
26576;2023.09.19 20:37:57;0;0;25;0;0;0;25;5;24,98
26575;2023.09.19 20:00:54;0;50;0;0;0;0;50;10;50
26574;2023.09.19 19:27:11;50;0;0;0;0;0;50;10;50
26573;2023.09.19 19:07:06;0;0;25;0;0;0;25;5;25,02
26572;2023.09.19 19:05:06;0;0;25;0;0;0;25;5;24,98
26571;2023.09.19 19:03:19;0;0;25;0;0;0;25;5;25,02
26570;2023.09.19 19:01:42;0;0;25;0;0;0;25;5;24,98
26569;2023.09.19 18:44:55;0;25;0;0;0;0;25;5;25,02
26568;2023.09.19 18:43:07;0;45;0;0;0;0;45;9;44,98
26567;2023.09.19 18:20:01;0;25;0;0;0;0;25;5;25,02
26566;2023.09.19 17:49:48;0;30;0;0;0;3;27;5,2;26,23
26565;2023.09.19 17:44:31;0;0;25;0;0;0;25;5;25,02
26564;2023.09.19 17:43:36;0;0;25;0;0;0;25;5;24,98
26563;2023.09.19 17:13:48;0;20;0;0;0;0;20;4;20
26562;2023.09.19 16:53:04;50;0;0;0;0;0;50;10;50
26561;2023.09.19 16:44:36;0;0;25;0;0;0;25;5;25,02
26560;2023.09.19 16:27:55;100;0;0;0;0;2;98;19,6;98
26559;2023.09.19 12:27:04;0;45;0;0;0;0;45;9;44,98
26558;2023.09.19 12:20:47;0;0;25;0;0;0;25;5;25,02
26557;2023.09.19 12:19:37;0;0;25;0;0;0;25;5;24,98
26556;2023.09.19 11:43:30;0;0;25;0;0;0;25;5;25,02
26555;2023.09.19 11:32:45;100;0;0;0;0;0;100;20;100
26554;2023.09.19 09:46:46;50;0;25;0;0;0;75;4,8;24,29
26553;2023.09.18 21:41:04;0;25;0;0;0;0;25;5;25,02
26552;2023.09.18 21:23:23;0;0;25;0;0;0;25;5;24,98
26551;2023.09.18 21:21:52;50;0;0;0;0;37;13;2,5;12,52
26550;2023.09.18 21:21:08;50;0;0;0;0;0;50;10;50,06
26549;2023.09.18 21:18:53;50;0;0;0;0;0;50;10;49,95
26548;2023.09.18 21:13:59;50;0;0;0;0;0;50;10;50,06
26547;2023.09.18 21:03:59;0;18;0;0;0;0;18;3,6;17,95
26546;2023.09.18 19:17:52;0;14;0;0;0;0;14;2,7;14
26545;2023.09.18 19:13:40;100;0;0;0;0;3;97;19,2;96,41
26544;2023.09.18 18:32:59;0;20;0;0;0;0;20;2,4;12,18
26543;2023.09.18 18:28:54;0;25;0;0;0;0;25;5;24,98
26542;2023.09.18 18:24:03;0;25;0;0;0;0;25;5;25,02
26541;2023.09.18 18:23:10;0;25;0;0;0;0;25;5;25,02
26540;2023.09.18 18:22:12;0;25;0;0;0;0;25;5;24,98
26539;2023.09.18 18:21:14;100;0;0;0;0;25;75;14,9;74,63
26538;2023.09.18 16:50:14;0;50;0;0;0;0;50;10;50
26537;2023.09.18 16:48:57;0;50;0;0;0;0;50;10;50
26536;2023.09.18 16:38:54;0;39;0;0;0;0;39;7,8;39,02
26535;2023.09.18 16:24:14;0;25;0;0;0;0;25;5;24,98
26534;2023.09.18 16:23:16;50;0;0;0;0;0;50;10;50
26533;2023.09.18 16:21:28;0;25;0;0;0;0;25;5;25,02
26532;2023.09.18 15:02:18;0;0;25;0;0;0;25;5;24,98
26531;2023.09.18 14:38:06;50;0;0;0;0;0;50;10;50
26530;2023.09.18 13:44:54;0;25;0;0;0;0;25;5;25,02
26529;2023.09.18 13:22:12;0;25;0;0;0;0;25;5;24,98
26528;2023.09.18 13:20:43;0;25;0;0;0;0;25;5;24,98
26527;2023.09.18 12:31:43;0;25;0;0;0;0;25;5;25,02
26526;2023.09.18 11:52:20;50;0;0;0;0;3;47;9,3;46,63
26525;2023.09.18 10:42:53;0;25;0;0;0;0;25;5;24,98
26524;2023.09.18 10:42:00;0;25;0;0;0;0;25;5;25,02
26523;2023.09.18 08:24:16;0;50;0;0;0;0;50;10;50
26522;2023.09.18 08:13:10;0;25;0;0;0;0;25;5;24,98
26521;2023.09.18 06:04:48;0;20;0;0;0;0;20;4;20
26520;2023.09.17 21:18:41;0;2;0;0;0;0;2;0,4;2
26519;2023.09.17 21:17:13;0;25;0;0;0;0;25;5;25,02
26518;2023.09.17 20:46:06;0;0;25;0;0;0;25;5;24,98
26517;2023.09.17 20:45:02;0;0;25;0;0;0;25;5;25,02
26516;2023.09.17 20:21:40;100;0;0;0;0;50;50;10;50
26515;2023.09.17 20:04:27;0;0;25;0;0;0;25;5;24,98
26514;2023.09.17 20:03:20;0;0;25;0;0;0;25;5;25,02
26513;2023.09.17 20:02:28;0;0;25;0;0;0;25;5;24,98
26512;2023.09.17 19:36:19;0;25;0;0;0;0;25;5;25,02
26511;2023.09.17 19:32:56;0;30;0;0;0;4;26;5;25,02
26510;2023.09.17 19:31:45;0;25;0;0;0;0;25;5;25,02
26509;2023.09.17 19:29:47;0;25;0;0;0;0;25;5;25,02
26508;2023.09.17 18:59:23;0;36;0;0;0;4;32;6,2;31,15
26507;2023.09.17 18:01:11;0;0;25;0;0;0;25;5;24,98
26506;2023.09.17 17:59:48;0;0;25;0;0;0;25;5;25,02
26505;2023.09.17 17:58:25;0;25;0;0;0;0;25;5;24,98
26504;2023.09.17 17:20:54;0;7;0;0;0;0;7;1,4;7,02
26503;2023.09.17 16:59:12;100;0;0;0;0;3;97;19,2;96,35
26502;2023.09.17 16:43:49;0;3;0;0;0;0;3;0,5;2,98
26501;2023.09.17 16:14:01;0;25;0;0;0;0;25;5;25,02
26500;2023.09.17 15:54:58;0;6;0;0;0;0;6;1,2;5,95
26499;2023.09.17 15:46:17;0;25;0;0;0;0;25;5;25,02
26498;2023.09.17 15:28:36;0;25;0;0;0;0;25;5;25,02
26497;2023.09.17 14:41:41;50;0;0;0;0;0;50;10;49,95
26496;2023.09.17 14:39:42;0;25;0;0;0;0;25;5;25,02
26495;2023.09.17 14:31:49;0;50;0;0;0;0;50;10;50
26494;2023.09.17 13:28:16;0;25;0;0;0;0;25;5;24,98
26493;2023.09.17 13:27:18;0;25;0;0;0;0;25;5;25,02
26492;2023.09.17 13:20:55;50;0;0;0;0;0;50;10;50
26491;2023.09.17 12:39:13;0;19;0;0;0;0;19;3,8;19,02
26490;2023.09.17 12:37:50;0;25;0;0;0;0;25;5;24,98
26489;2023.09.17 12:36:45;0;25;0;0;0;0;25;5;24,98
26488;2023.09.17 10:55:23;50;0;0;0;0;25;25;5;25,02
26487;2023.09.17 10:50:19;0;25;0;0;0;0;25;5;25,02
26486;2023.09.17 10:11:31;0;0;25;0;0;0;25;5;24,98
26485;2023.09.17 10:10:16;0;0;50;0;0;0;50;10;50
26484;2023.09.17 10:08:29;0;0;95;0;0;0;95;19;94,98
26483;2023.09.17 10:05:19;0;0;95;0;0;0;95;19;95,02
26482;2023.09.17 10:01:15;0;0;95;0;0;0;95;19;95,02
26481;2023.09.17 09:54:40;0;25;0;0;0;0;25;5;24,98
26480;2023.09.17 08:36:38;0;0;25;0;0;0;25;5;24,98
26479;2023.09.16 22:52:03;100;0;0;0;0;68;32;6,3;31,55
26478;2023.09.16 21:30:10;0;0;50;0;0;0;50;10;50
26477;2023.09.16 19:51:11;50;0;0;0;0;25;25;5;24,98
26476;2023.09.16 19:00:04;0;25;0;0;0;0;25;5;25,02
26475;2023.09.16 18:54:15;0;7;0;0;0;0;7;1,4;6,98
26474;2023.09.16 18:53:36;0;6;0;0;0;0;6;1,2;6,06
26473;2023.09.16 18:12:52;100;0;0;0;0;50;50;10;49,95
26472;2023.09.16 18:03:11;0;0;25;0;0;0;25;5;25,02
26471;2023.09.16 17:27:27;0;25;0;0;0;0;25;5;25,02
26470;2023.09.16 17:24:29;0;0;25;0;0;0;25;5;24,98
26469;2023.09.16 17:23:36;0;0;25;0;0;0;25;5;24,98
26468;2023.09.16 15:51:39;0;25;0;0;0;0;25;5;25,02
26467;2023.09.16 15:41:15;0;0;25;0;0;0;25;5;25,02
26466;2023.09.16 15:25:07;0;0;25;0;0;0;25;5;24,98
26465;2023.09.16 15:24:13;0;0;25;0;0;0;25;5;24,98
26464;2023.09.16 14:24:16;0;0;25;0;0;0;25;5;25,02
26463;2023.09.16 14:23:23;0;0;25;0;0;0;25;5;25,02
26462;2023.09.16 14:11:37;0;40;0;0;0;2;38;7,4;37,02
26461;2023.09.16 13:47:42;50;0;0;0;0;0;50;10;50
26460;2023.09.16 12:54:59;0;25;0;0;0;0;25;5;24,98
26459;2023.09.16 12:35:45;100;0;0;0;0;25;75;14,9;74,98
26458;2023.09.16 12:03:38;0;0;25;0;0;0;25;5;25,02
26457;2023.09.16 11:38:31;0;26;0;0;0;0;26;5;25,02
26456;2023.09.16 09:59:19;0;50;0;0;0;0;50;10;49,95
26455;2023.09.16 09:43:16;0;25;0;0;0;0;25;5;25,02
26454;2023.09.16 08:55:10;0;25;0;0;0;0;25;5;25,02
26453;2023.09.15 22:26:56;0;46;0;0;0;0;46;9,2;46
26452;2023.09.15 21:12:22;0;5;0;0;0;0;5;1;4,98
26451;2023.09.15 21:12:00;0;2;0;0;0;0;2;0,4;2
26450;2023.09.15 20:56:15;100;0;0;0;0;0;100;20;100
26449;2023.09.15 20:32:39;0;25;0;0;0;0;25;5;25,02
26448;2023.09.15 20:26:47;50;0;0;0;0;0;50;10;50
26447;2023.09.15 19:59:59;0;20;0;0;0;0;20;4;20
26446;2023.09.15 19:25:35;100;0;0;0;0;25;75;14,9;74,81
26445;2023.09.15 18:44:29;0;0;25;0;0;0;25;5;25,02
26444;2023.09.15 18:21:52;0;0;25;0;0;0;25;5;24,98
26443;2023.09.15 17:47:41;0;1;0;0;0;0;1;0;0
26442;2023.09.15 17:38:07;0;0;25;0;0;0;25;5;24,98
26441;2023.09.15 15:01:24;0;0;25;0;0;0;25;5;25,02
26440;2023.09.15 15:00:37;0;0;25;0;0;0;25;5;25,02
26439;2023.09.15 14:58:56;0;25;0;0;0;0;25;5;24,98
26438;2023.09.15 14:23:38;0;30;0;0;0;5;25;4,9;24,86
26437;2023.09.15 14:20:22;0;5;0;0;0;0;5;1;5,02
26436;2023.09.15 14:03:55;0;25;0;0;0;0;25;5;25,02
26435;2023.09.15 13:02:53;0;25;0;0;0;0;25;5;24,98
26434;2023.09.15 13:02:01;0;25;0;0;0;0;25;5;24,98
26433;2023.09.15 12:57:57;0;24;0;0;0;0;24;4,8;24
26432;2023.09.15 12:53:23;0;25;0;0;0;0;25;5;25,02
26431;2023.09.15 12:12:35;0;0;25;0;0;0;25;5;25,02
26430;2023.09.14 22:25:35;0;0;25;0;0;0;25;5;24,98
26429;2023.09.14 22:24:37;0;0;25;0;0;0;25;5;24,98
26428;2023.09.14 22:14:33;0;2;0;0;0;0;2;0,4;2,06
26427;2023.09.14 21:40:34;0;0;25;0;0;0;25;5;24,98
26426;2023.09.14 21:39:12;0;0;25;0;0;0;25;5;24,98
26425;2023.09.14 21:38:02;0;0;25;0;0;0;25;5;25,02
26424;2023.09.14 21:02:14;0;25;0;0;0;0;25;5;25,02
26423;2023.09.14 20:57:34;100;0;0;0;0;55;45;8,9;44,69
26422;2023.09.14 20:38:01;0;5;0;0;0;0;5;1;5,02
26421;2023.09.14 20:37:59;0;0;25;0;0;0;25;5;24,98
26420;2023.09.14 20:37:37;0;0;25;0;0;0;25;5;24,98
26419;2023.09.14 19:06:43;0;30;0;0;0;0;30;5;25,02
26418;2023.09.14 18:17:32;0;25;0;0;0;0;25;5;25,02
26417;2023.09.14 18:10:34;0;25;0;0;0;0;25;5;24,98
26416;2023.09.14 16:54:21;0;25;0;0;0;0;25;5;24,98
26415;2023.09.14 16:15:58;0;25;0;0;0;0;25;5;25,02
26414;2023.09.14 16:14:06;0;25;0;0;0;0;25;5;25,02
26413;2023.09.14 15:59:15;50;10;0;0;0;6;54;10,7;53,49
26412;2023.09.14 15:27:03;0;25;0;0;0;0;25;5;24,98
26411;2023.09.14 14:58:09;0;5;0;0;0;0;5;0,5;2,75
26410;2023.09.14 14:23:52;100;0;0;0;0;25;75;15;75,02
26409;2023.09.14 12:18:12;0;0;25;0;0;0;25;5;24,98
26408;2023.09.14 12:17:21;0;0;25;0;0;0;25;5;25,02
26407;2023.09.14 12:16:17;0;0;25;0;0;0;25;5;24,98
26406;2023.09.14 11:21:53;0;25;0;0;0;0;25;5;25,02
26405;2023.09.14 10:47:55;0;25;0;0;0;0;25;5;24,98
26404;2023.09.14 10:06:37;0;0;25;0;0;0;25;5;25,02
26403;2023.09.14 10:05:18;0;25;0;0;0;0;25;5;24,98
26402;2023.09.14 10:03:41;0;0;25;0;0;0;25;5;25,02
26401;2023.09.14 10:02:43;0;0;25;0;0;0;25;5;24,98
26400;2023.09.14 06:06:04;0;0;25;0;0;0;25;5;25,02
26399;2023.09.14 03:22:44;0;25;0;0;0;0;25;4,9;24,98
26398;2023.09.13 21:42:19;0;25;0;0;0;0;25;5;24,98
26397;2023.09.13 21:39:08;0;0;25;0;0;0;25;5;24,98
26396;2023.09.13 21:37:28;0;0;25;0;0;0;25;5;25,02
26395;2023.09.13 21:35:37;0;0;25;0;0;0;25;5;25,02
26394;2023.09.13 21:33:33;0;0;25;0;0;0;25;5;24,98
26393;2023.09.13 19:56:42;0;25;0;0;0;0;25;5;24,98
26392;2023.09.13 19:34:29;0;10;0;0;0;0;10;2;10
26391;2023.09.13 19:33:37;0;25;0;0;0;0;25;5;25,02
26390;2023.09.13 19:22:33;0;50;0;0;0;0;50;10;49,95
26389;2023.09.13 18:33:44;0;25;0;0;0;0;25;5;25,02
26388;2023.09.13 18:12:30;100;0;0;0;0;71;29;5,7;28,92
26387;2023.09.13 17:51:45;0;0;25;0;0;0;25;5;25,02
26386;2023.09.13 17:41:46;0;30;0;0;0;5;25;5;24,98
26385;2023.09.13 17:03:10;100;0;0;0;0;1;99;19,6;98,29
26384;2023.09.13 16:20:40;50;0;0;0;0;0;50;10;50
26383;2023.09.13 16:18:47;0;0;25;0;0;0;25;5;25,02
26382;2023.09.13 16:18:01;0;0;50;0;0;0;50;10;50
26381;2023.09.13 16:09:27;0;8;0;0;0;0;8;1,5;7,95
26380;2023.09.13 16:03:35;0;64;0;0;0;0;64;12,8;64
26379;2023.09.13 15:00:07;0;25;0;0;0;0;25;5;25,02
26378;2023.09.13 14:36:13;0;25;0;0;0;0;25;5;25,02
26377;2023.09.13 12:47:40;50;0;0;0;0;25;25;5;24,98
26376;2023.09.13 12:36:24;0;15;0;0;0;0;15;2,9;14,92
26375;2023.09.13 12:32:55;0;25;0;0;0;0;25;5;25,02
26374;2023.09.13 12:22:09;0;0;25;0;0;0;25;5;24,98
26373;2023.09.13 12:07:20;0;0;25;0;0;0;25;5;25,02
26372;2023.09.13 12:06:22;0;0;25;0;0;0;25;5;24,98
26371;2023.09.13 12:01:23;0;0;25;0;0;0;25;5;25,02
26370;2023.09.13 11:31:17;0;25;0;0;0;0;25;5;24,98
26369;2023.09.13 11:29:30;100;0;0;0;0;75;25;5;25,02
26368;2023.09.13 11:26:25;0;25;0;0;0;0;25;5;24,98
26367;2023.09.13 11:21:20;0;25;0;0;0;0;25;5;25,02
26366;2023.09.13 11:09:32;0;25;0;0;0;0;25;5;24,98
26365;2023.09.13 10:42:08;0;1;0;0;0;0;1;0,2;1,02
26364;2023.09.13 10:42:06;0;2;0;0;0;0;2;0,4;2
26363;2023.09.13 09:04:44;0;2;0;0;0;0;2;0,4;2
26362;2023.09.13 09:03:57;0;2;0;0;0;0;2;0,4;2
26361;2023.09.13 09:03:05;0;25;0;0;0;0;25;5;24,98
26360;2023.09.13 09:01:43;0;25;0;0;0;0;25;5;25,02
26359;2023.09.13 06:51:55;0;0;25;0;0;0;25;5;24,98
26358;2023.09.13 06:50:46;0;0;25;0;0;0;25;5;25,02
26357;2023.09.12 22:51:15;0;48;0;0;0;3;45;8,8;44,35
26356;2023.09.12 21:33:49;50;0;0;0;0;0;50;10;50
26355;2023.09.12 21:26:15;0;10;0;0;0;4;6;1;5,43
26354;2023.09.12 21:25:36;0;23;0;0;0;0;23;4,6;22,98
26353;2023.09.12 20:32:12;0;0;25;0;0;0;25;5;25,02
26352;2023.09.12 20:31:02;0;0;25;0;0;0;25;5;24,98
26351;2023.09.12 20:04:14;0;0;25;0;0;0;25;5;24,98
26350;2023.09.12 20:02:53;0;0;25;0;0;0;25;5;25,02
26349;2023.09.12 19:29:46;0;0;25;0;0;0;25;5;25,02
26348;2023.09.12 19:28:46;0;0;25;0;0;0;25;5;24,98
26347;2023.09.12 19:27:55;0;0;25;0;0;0;25;5;24,98
26346;2023.09.12 19:26:57;0;0;25;0;0;0;25;5;25,02
26345;2023.09.12 18:51:45;0;0;25;0;0;0;25;5;25,02
26344;2023.09.12 16:23:32;0;25;0;0;0;0;25;5;24,98
26343;2023.09.12 13:39:07;0;0;25;0;0;0;25;5;24,98
26342;2023.09.12 13:38:03;0;0;25;0;0;0;25;5;25,02
26341;2023.09.12 13:09:03;0;5;0;0;0;0;5;1;5,02
26340;2023.09.12 13:08:10;0;15;0;0;0;0;15;3;14,98
26339;2023.09.12 13:06:07;0;20;0;0;0;0;20;4;20
26338;2023.09.12 13:04:50;0;0;25;0;0;0;25;5;25,02
26337;2023.09.12 12:49:46;100;0;0;0;0;50;50;10;49,95
26336;2023.09.12 12:42:48;0;20;0;0;0;0;20;4;20
26335;2023.09.12 12:42:12;0;25;0;0;0;0;25;5;25,02
26334;2023.09.12 10:46:02;50;0;0;0;0;0;50;10;50
26333;2023.09.12 10:01:50;0;5;0;0;0;0;5;1;4,98
26332;2023.09.12 10:01:22;0;20;0;0;0;0;20;4;20
26331;2023.09.12 10:00:07;0;7;0;0;0;0;7;1,4;7,02
26330;2023.09.12 09:57:33;0;20;0;0;0;0;20;4;20
26329;2023.09.12 08:02:16;0;25;0;0;0;0;25;5;24,98
26328;2023.09.12 08:01:36;0;25;0;0;0;0;25;5;25,02
26327;2023.09.12 07:59:33;0;25;0;0;0;0;25;5;25,02
26326;2023.09.11 22:09:05;0;25;0;0;0;0;25;5;24,98
26325;2023.09.11 21:49:07;0;25;0;0;0;0;25;4,9;25,02
26324;2023.09.11 21:13:55;0;0;50;0;0;0;50;10;49,95
26323;2023.09.11 21:12:21;0;0;50;0;0;0;50;10;50,06
26322;2023.09.11 21:05:59;0;0;25;0;0;0;25;5;24,98
26321;2023.09.11 20:44:36;0;3;0;0;0;0;3;0,6;3,02
26320;2023.09.11 20:43:30;0;23;0;0;0;0;23;4,6;22,98
26319;2023.09.11 20:04:31;100;0;0;0;0;0;100;19,9;99,95
26318;2023.09.11 19:38:54;0;1;0;0;0;0;1;0,2;1,02
26317;2023.09.11 19:38:33;0;2;0;0;0;0;2;0,4;2
26316;2023.09.11 19:38:31;0;60;0;0;0;0;60;12;60
26315;2023.09.11 19:17:32;0;5;0;0;0;0;5;0,9;4,98
26314;2023.09.11 18:33:03;0;25;0;0;0;0;25;5;24,98
26313;2023.09.11 18:23:17;100;0;0;0;0;25;75;14,9;74,98
26312;2023.09.11 18:00:17;50;0;0;0;0;0;50;10;50
26311;2023.09.11 17:47:18;0;25;0;0;0;0;25;5;25,02
26310;2023.09.11 16:27:30;0;75;0;0;0;0;75;15;74,98
26309;2023.09.11 14:45:26;0;25;0;0;0;0;25;5;25,02
26308;2023.09.11 14:44:11;0;25;0;0;0;0;25;5;24,98
26307;2023.09.11 13:50:15;50;0;0;0;0;0;50;10;50
26306;2023.09.11 13:34:13;0;25;0;0;0;0;25;5;25,02
26305;2023.09.11 13:12:25;0;25;0;0;0;0;25;5;24,98
26304;2023.09.11 13:10:46;0;25;0;0;0;0;25;5;25,02
26303;2023.09.11 12:28:53;0;25;0;0;0;0;25;5;24,98
26302;2023.09.11 12:13:19;100;0;0;0;0;25;75;15;75,02
26301;2023.09.11 11:55:21;0;25;0;0;0;0;25;5;24,98
26300;2023.09.11 11:52:23;0;40;0;0;0;0;40;8;40
26299;2023.09.11 09:13:35;0;0;25;0;0;0;25;5;25,02
26298;2023.09.11 09:12:43;0;0;25;0;0;0;25;5;24,98
26297;2023.09.11 09:03:33;0;100;0;0;0;0;100;20;100
26296;2023.09.11 05:49:12;0;0;25;0;0;0;25;5;25,02
26295;2023.09.10 23:04:03;0;25;0;0;0;0;25;5;24,98
26294;2023.09.10 23:03:05;0;25;0;0;0;0;25;5;25,02
26293;2023.09.10 20:55:43;0;50;0;0;0;0;50;10;50
26292;2023.09.10 20:52:28;100;0;0;0;0;89;11;2,1;10,52
26291;2023.09.10 20:46:42;50;0;0;0;0;0;50;10;49,95
26290;2023.09.10 20:36:19;0;0;25;0;0;0;25;5;25,02
26289;2023.09.10 20:34:56;0;0;25;0;0;0;25;5;25,02
26288;2023.09.10 20:33:45;0;0;25;0;0;0;25;5;24,98
26287;2023.09.10 20:22:05;50;0;0;0;0;5;45;8,8;44,06
26286;2023.09.10 20:08:42;0;10;0;0;0;0;10;0,4;2
26285;2023.09.10 20:05:09;0;3;0;0;0;0;3;0,6;3,02
26284;2023.09.10 19:31:03;100;0;0;0;0;50;50;10;50
26283;2023.09.10 19:01:28;50;0;0;0;0;25;25;5;24,98
26282;2023.09.10 18:43:24;0;25;0;0;0;0;25;5;25,02
26281;2023.09.10 18:42:24;0;25;0;0;0;0;25;5;24,98
26280;2023.09.10 18:41:02;0;25;0;0;0;0;25;5;25,02
26279;2023.09.10 17:44:14;0;25;0;0;0;0;25;5;24,98
26278;2023.09.10 16:36:48;0;0;50;0;0;0;50;10;50
26277;2023.09.10 16:27:38;0;50;0;0;0;0;50;10;50
26276;2023.09.10 15:48:15;0;2;0;0;0;0;2;0,4;2
26275;2023.09.10 15:41:40;0;2;0;0;0;0;2;0,4;2
26274;2023.09.10 15:12:03;0;10;0;0;0;4;6;1,1;6
26273;2023.09.10 15:06:06;0;3;0;0;0;0;3;0,6;2,98
26272;2023.09.10 14:35:53;0;10;0;0;0;0;10;1,9;9,83
26271;2023.09.10 14:14:53;0;25;0;0;0;0;25;5;24,98
26270;2023.09.10 13:39:54;0;25;0;0;0;0;25;5;25,02
26269;2023.09.10 13:38:38;0;25;0;0;0;0;25;5;24,98
26268;2023.09.10 13:36:44;0;0;25;0;0;0;25;5;25,02
26267;2023.09.10 13:03:14;0;30;0;0;0;0;30;5;24,98
26266;2023.09.10 12:58:22;50;0;0;0;0;25;25;5;25,02
26265;2023.09.10 12:49:48;50;0;0;0;0;0;50;10;50
26264;2023.09.10 11:55:48;100;0;0;0;0;50;50;10;50
26263;2023.09.10 11:17:01;0;25;0;0;0;0;25;5;24,98
26262;2023.09.10 10:43:31;0;3;0;0;0;0;3;0,6;3,02
26261;2023.09.10 10:17:19;100;0;0;0;0;0;100;20;100
26260;2023.09.10 10:12:39;0;25;0;0;0;0;25;5;24,98
26259;2023.09.10 10:00:29;0;0;25;0;0;0;25;5;25,02
26258;2023.09.10 09:57:13;0;25;0;0;0;0;25;5;24,98
26257;2023.09.10 09:56:03;0;50;0;0;0;0;50;10;50
26256;2023.09.10 09:00:02;0;0;25;0;0;0;25;5;25,02
26255;2023.09.10 08:58:58;0;0;25;0;0;0;25;5;24,98
26254;2023.09.09 22:42:59;0;2;0;0;0;0;2;0,4;2
26253;2023.09.09 22:09:59;100;0;0;0;0;43;57;11,2;56,41
26252;2023.09.09 21:15:41;0;25;0;0;0;0;25;5;25,02
26251;2023.09.09 21:13:18;50;45;0;0;0;0;95;19;94,98
26250;2023.09.09 21:00:02;0;30;0;0;0;4;26;5;25,15
26249;2023.09.09 19:52:30;0;0;25;0;0;0;25;5;24,98
26248;2023.09.09 19:51:33;0;0;25;0;0;0;25;5;25,02
26247;2023.09.09 19:12:56;0;0;25;0;0;0;25;5;24,98
26246;2023.09.09 19:11:40;0;0;25;0;0;0;25;5;25,02
26245;2023.09.09 18:36:15;0;0;25;0;0;0;25;5;24,98
26244;2023.09.09 17:00:41;0;25;0;0;0;0;25;5;25,02
26243;2023.09.09 16:59:37;0;25;0;0;0;0;25;5;24,98
26242;2023.09.09 16:28:48;0;25;0;0;0;0;25;5;25,02
26241;2023.09.09 13:36:56;0;10;0;0;0;0;10;2;10
26240;2023.09.09 13:36:18;0;0;95;0;0;0;95;19;94,98
26239;2023.09.09 13:32:36;0;0;95;0;0;0;95;19;95,02
26238;2023.09.09 13:13:20;0;0;50;0;0;0;50;10;50
26237;2023.09.09 13:10:21;0;25;0;0;0;0;25;5;24,98
26236;2023.09.09 12:38:56;0;25;0;0;0;0;25;5;25,02
26235;2023.09.09 12:25:58;100;0;0;0;0;60;40;7,8;39,38
26234;2023.09.09 10:34:13;0;25;0;0;0;0;25;5;25,02
26233;2023.09.09 10:32:51;0;25;0;0;0;0;25;5;24,98
26232;2023.09.09 08:07:07;50;0;0;0;0;5;45;8,9;44,92
26231;2023.09.08 20:20:05;0;0;25;0;0;0;25;5;24,98
26230;2023.09.08 19:29:34;0;0;25;0;0;0;25;5;25,02
26229;2023.09.08 19:19:23;0;0;25;0;0;0;25;5;24,98
26228;2023.09.08 19:09:57;0;0;25;0;0;0;25;5;25,02
26227;2023.09.08 19:09:55;0;0;50;0;0;0;50;10;50
26226;2023.09.08 19:04:20;0;0;25;0;0;0;25;5;24,98
26225;2023.09.08 19:03:15;0;0;25;0;0;0;25;5;25,02
26224;2023.09.08 18:52:07;0;25;0;0;0;0;25;5;24,98
26223;2023.09.08 17:48:34;50;0;0;0;0;0;50;10;50
26222;2023.09.08 17:03:15;0;0;25;0;0;0;25;5;25,02
26221;2023.09.08 17:02:10;0;0;25;0;0;0;25;5;24,98
26220;2023.09.08 15:21:30;100;0;0;0;0;10;90;17,9;89,78
26219;2023.09.08 13:46:22;0;4;0;0;0;0;4;0,8;4
26218;2023.09.08 11:05:50;100;0;0;0;0;50;50;10;50,06
26217;2023.09.08 10:11:49;0;25;0;0;0;0;25;5;24,98
26216;2023.09.08 07:38:29;0;20;0;0;0;0;20;4;20
26215;2023.09.08 07:38:01;0;5;0;0;0;0;5;1;4,98
26214;2023.09.08 07:08:42;0;25;0;0;0;0;25;5;25,02
26213;2023.09.08 06:48:30;0;0;25;0;0;0;25;5;25,02
26212;2023.09.08 06:47:34;0;0;25;0;0;0;25;5;24,98
26211;2023.09.07 23:28:14;0;4;0;0;0;0;4;0,6;3,38
26210;2023.09.07 22:13:37;100;0;0;0;0;14;86;17;85,02
26209;2023.09.07 21:09:30;50;0;0;0;0;25;25;5;25,02
26208;2023.09.07 21:08:26;0;105;0;0;0;5;100;20;100
26207;2023.09.07 20:07:01;0;1;0;0;0;0;1;0,2;0,98
26206;2023.09.07 19:40:31;0;0;25;0;0;0;25;5;25,02
26205;2023.09.07 18:16:20;0;0;25;0;0;0;25;5;24,98
26204;2023.09.07 18:13:52;0;0;25;0;0;0;25;5;25,02
26203;2023.09.07 18:12:47;0;0;25;0;0;0;25;5;24,98
26202;2023.09.07 18:11:25;0;2;0;0;0;0;2;0,4;1,95
26201;2023.09.07 18:11:03;0;4;0;0;0;0;4;0,8;4
26200;2023.09.07 17:44:09;0;30;0;0;0;5;25;5;25,02
26199;2023.09.07 17:29:09;0;30;0;0;0;5;25;5;25,02
26198;2023.09.07 17:26:35;0;50;0;0;0;0;50;10;49,95
26197;2023.09.07 16:54:15;50;51;0;0;0;2;99;27,9;139,78
26195;2023.09.07 11:25:19;0;5;0;0;0;0;5;1;5,02